Source;Target;Weight;Label
ALINE DA SILVA RAMOS BARBOZA;ALIEL F RIENTE;1;1
ALINE DA SILVA RAMOS BARBOZA;ANTONIO PAULO AMANCIO FERRO;1;1
ALINE DA SILVA RAMOS BARBOZA;DIEGO DE VASCONCELOS GONCALVES FERREIRA;1;1
ALINE DA SILVA RAMOS BARBOZA;EDUARDO TOLEDO DE LIMA JUNIOR;1;1
ALINE DA SILVA RAMOS BARBOZA;JOSEIR GANDRA PERCY;1;1
ALINE DA SILVA RAMOS BARBOZA;LUCAS PEREIRA DE GOUVEIA;1;1
AMANDA DUARTE GONDIM;CARLOS ALBERTO MARTINEZ HUITLE;1;1
AMANDA DUARTE GONDIM;ELISAMA VIEIRA DOS SANTOS;1;1
AMANDA DUARTE GONDIM;INALMAR DANTAS BARBOSA SEGUNDO;1;1
AMANDA DUARTE GONDIM;JOSE EUDES LIMA SANTOS;1;1
ANA CECILIA VIEIRA DA NOBREGA;ARNALDO MANOEL PEREIRA CARNEIRO;2;2
ANA CECILIA VIEIRA DA NOBREGA;LYNEKER SOUZA DE MOURA;1;1
ANA CECILIA VIEIRA DA NOBREGA;MARYANE GISLAYNE CORDEIRO DE QUEIROZ;1;1
ANA DOLORES SANTIAGO DE FREITAS;CAROLINA ETIENNE DE ROSALIA E SILVA SANTOS;1;1
ANA IRAIDY SANTA BRIGIDA;BERNARDO D RIBEIRO;1;1
ANA IRAIDY SANTA BRIGIDA;FILIPE SMITH BUARQUE;1;1
ANA IRAIDY SANTA BRIGIDA;JOSE MANUEL GUISAN;1;1
ANA IRAIDY SANTA BRIGIDA;LUCIANA ROCHA BARROS GONCALVES;1;1
ANA IRAIDY SANTA BRIGIDA;MARIA ALICE ZARUR COELHO;1;1
ANA IRAIDY SANTA BRIGIDA;VANESSA LUCIA RODRIGUES NOGUEIRA;1;1
ANA IRAIDY SANTA BRIGIDA;VANIA MARIA MACIEL MELO;1;1
ANA MARIA MENDONCA DE ALBUQUERQUE MELO;MAIRA DE VASCONCELOS LIMA;1;1
ANDREA CARLA LIMA RODRIGUES;DAYSE LUNA BARBOSA;3;3
ANDREA CARLA LIMA RODRIGUES;IZABELLE MARIE TRINDADE BEZERRA DA COSTA LIMA;1;1
ANDREA CARLA LIMA RODRIGUES;VALTERLIN DA SILVA SANTOS;1;1
ANDRESSA RADISKE;CARLA CRISTINA MIRANDA DE CASTRO;2;2
ANDRESSA RADISKE;JANINE INEZ ROSSATO;2;2
ANDRESSA RADISKE;MARIA CAROLINA GONZALEZ;2;2
ANDRESSA RADISKE;MARTIN PABLO CAMMAROTA;2;2
BRUNA SOARES FERNANDES;GILSON LIMA DA SILVA;1;1
BRUNA SOARES FERNANDES;SAVIA GAVAZZA DOS SANTOS PESSOA;1;1
BRUNA SOARES FERNANDES;SIMONE MACHADO SANTOS;1;1
CAMILA PACELLY BRANDAO DE ARAUJO;DOUGLAS DO NASCIMENTO SILVA;2;2
CAMILA PACELLY BRANDAO DE ARAUJO;FELIPE DANTAS DOS SANTOS;2;2
CAMILA PACELLY BRANDAO DE ARAUJO;NAYARA BEZERRA CARVALHO;1;1
CAMILA PACELLY BRANDAO DE ARAUJO;NAY¡RA BEZERRA CARVALHO;1;1
CARINA SILVANI;ALEXANDRE DE SOUZA JUNIOR;1;1
CARINA SILVANI;EDUARDO ANTONIO GUIMARAES TENORIO;3;3
CARINA SILVANI;HUGO CARLOS SCHEUERMANN FILHO;1;1
CARINA SILVANI;JOAO PEDRO CAMELO GUEDES;1;1
CARINA SILVANI;JONNY DANTAS PATRICIO;1;1
CARINA SILVANI;JUCIMARA CARDOSO DA SILVA;2;2
CARINA SILVANI;LEDA CHRISTIANE DE FIGUEIREDO LOPES LUCENA;1;1
CARINA SILVANI;NILO CESAR CONSOLI;1;1
CARINA SILVANI;RENAN CARLOS DE MELO NASCIMENTO;1;1
CAROLINE MARIA DE MIRANDA MOTA;CIRO JOSE JARDIM DE FIGUEIREDO;2;2
CAROLINE MARIA DE MIRANDA MOTA;DEBORA VIANA E SOUSA PEREIRA;2;2
CAROLINE MARIA DE MIRANDA MOTA;SERGIO EDUARDO GOUVEA DA COSTA;1;1
CLAUDIA FABIANA GOHR;CARLOS RODRIGO DE SOUZA TORRES;1;1
CLAUDIA FABIANA GOHR;FELIPE ALVES DE OLIVEIRA SOARES;1;1
CLAUDIA FABIANA GOHR;LUCAS CARVALHO DE OLIVEIRA;1;1
CLAUDIA FABIANA GOHR;MARYANA SCORALICK DE ALMEIDA TAVARES;1;1
CLAUDIA FABIANA GOHR;MATHEUS HENRIQUE DA SILVA AMORIM;1;1
CLAUDIA FABIANA GOHR;SANDRA NAOMI MORIOKA;1;1
CLAUDIA FABIANA GOHR;WALLECI GABEU LIRA;1;1
CLEIDE MARA FARIA SOARES;ALVARO SILVA LIMA;1;1
CLEIDE MARA FARIA SOARES;MATHEUS MEDONCA PEREIRA;1;1
CLEIDE MARA FARIA SOARES;MILSON DOS SANTOS BARBOSA;1;1
CLEIDE MARA FARIA SOARES;SAMUEL BRUNO DOS SANTOS;1;1
CLEIDE MARA FARIA SOARES;SILVANA MATTEDI E SILVA;1;1
CLEIDE MARA FARIA SOARES;SUZANA FERREIRA DIAS;1;1
DANIELA BARREIRO CLARO;LUIS EMANUEL NEVES DE JESUS;1;1
DANIELA BARREIRO CLARO;MARCELA MOURA TORRES PAIM;1;1
DANIELA BARREIRO CLARO;SILVANA SOARES COSTA RIBEIRO;1;1
DAYSE LUNA BARBOSA;ANDREA CARLA LIMA RODRIGUES;2;2
DAYSE LUNA BARBOSA;IGOR ANTONIO DE PAIVA BRANDAO;2;2
DAYSE LUNA BARBOSA;VALTERLIN DA SILVA SANTOS;1;1
DIANA CRISTINA SILVA DE AZEVEDO;ALIRIO EGIDIO RODRIGUES;1;1
DIANA CRISTINA SILVA DE AZEVEDO;BIANCA FERREIRA DOS SANTOS;1;1
DIANA CRISTINA SILVA DE AZEVEDO;ENRIQUE RODRIGUEZ CASTELLON;1;1
DIANA CRISTINA SILVA DE AZEVEDO;ENRIQUE VILARRASA GARCIA;1;1
EDUARDA ASFORA FREJ;ADIEL TEIXEIRA DE ALMEIDA;9;9
EDUARDA ASFORA FREJ;ALEXANDRE RAMALHO ALBERTI;4;4
EDUARDA ASFORA FREJ;DANIELLE COSTA MORAIS;3;3
EDUARDA ASFORA FREJ;EVONIO DE BARROS CAMPELO JUNIOR;2;2
EDUARDA ASFORA FREJ;LUCIA REIS PEIXOTO ROSELLI;4;4
EDUARDA ASFORA FREJ;MURILO CARLOS AMORIM DE BRITTO;2;2
EDUARDA ASFORA FREJ;PETR IAKOVLEVITCH EKEL;2;2
EDUARDA ASFORA FREJ;RODRIGO JOSE PIRES FERREIRA;4;4
ELIANA CRISTINA BARRETO MONTEIRO;A SILVA;1;1
ELIANA CRISTINA BARRETO MONTEIRO;A SILVA MACEDO;1;1
ELIANA CRISTINA BARRETO MONTEIRO;ALBERTO CASADO LORDSLEEM JUNIOR;1;1
ELIANA CRISTINA BARRETO MONTEIRO;ALCILIA AFONSO DE ALBUQUERQUE E MELO;1;1
ELIANA CRISTINA BARRETO MONTEIRO;ARIANE DA SILVA CARDOSO;1;1
ELIANA CRISTINA BARRETO MONTEIRO;ARNALDO CARNEIRO;1;1
ELIANA CRISTINA BARRETO MONTEIRO;ARNALDO MANOEL PEREIRA CARNEIRO;1;1
ELIANA CRISTINA BARRETO MONTEIRO;BRUNA CORREIA TEIXEIRA;1;1
ELIANA CRISTINA BARRETO MONTEIRO;CAMILA MARQUES DO REGO;2;2
ELIANA CRISTINA BARRETO MONTEIRO;EMANOEL SILVA DE AMORIM;1;1
ELIANA CRISTINA BARRETO MONTEIRO;EMILIA RAHNEMAY KOHLMAN RABBANI;1;1
ELIANA CRISTINA BARRETO MONTEIRO;EUDES DE ARIMATEA ROCHA;2;2
ELIANA CRISTINA BARRETO MONTEIRO;FELIPE DUAN MOURA VASCONCELOS;2;2
ELIANA CRISTINA BARRETO MONTEIRO;GABRIEL FILIPPELLI;1;1
ELIANA CRISTINA BARRETO MONTEIRO;GIRLANDIA DE MORAIS SAMPAIO;1;1
ELIANA CRISTINA BARRETO MONTEIRO;JOSE VITOR DA SILVA MACEDO;1;1
ELIANA CRISTINA BARRETO MONTEIRO;JULIANA FERREIRA BEZERRA MOCOCK;1;1
ELIANA CRISTINA BARRETO MONTEIRO;LORENA VILA BELA COSTA;2;2
ELIANA CRISTINA BARRETO MONTEIRO;SERGIO PERES RAMOS DA SILVA;1;1
ELIANA CRISTINA BARRETO MONTEIRO;THAYSE DAYSE DELMIRO;1;1
ELIANA CRISTINA BARRETO MONTEIRO;WILDSON WELLINGTON SILVA;1;1
ELIANA CRISTINA BARRETO MONTEIRO;WILLAMES DE ALBUQUERQUE SOARES;3;3
ELIANA CRISTINA BARRETO MONTEIRO;YGOR GUIMARAES RAPOSO;1;1
ELISAMA VIEIRA DOS SANTOS;ANDREA N ARIAS;1;1
ELISAMA VIEIRA DOS SANTOS;CARLOS ALBERTO MARTINEZ HUITLE;5;5
ELISAMA VIEIRA DOS SANTOS;DJALMA RIBEIRO DA SILVA;1;1
ELISAMA VIEIRA DOS SANTOS;FELIPE BOHN;1;1
ELISAMA VIEIRA DOS SANTOS;INALMAR D BARBOSA SEGUNDO;1;1
ELISAMA VIEIRA DOS SANTOS;INALMAR DANTAS BARBOSA SEGUNDO;1;1
ELISAMA VIEIRA DOS SANTOS;JUSTO LOBATO;1;1
ELISAMA VIEIRA DOS SANTOS;MANUEL ANDR…S RODRIGO;2;2
ELISAMA VIEIRA DOS SANTOS;MANUEL ANDR…S RODRIGO RODRIGO;2;2
ELIZABETH AMARAL PASTICH GONCALVES;JOELITHON DE LIMA COSTA;1;1
ELIZABETH AMARAL PASTICH GONCALVES;MARCIO KENJI IONEKURA JUNIOR;1;1
ELIZABETH AMARAL PASTICH GONCALVES;MARCOS HENRIQUE GOMES RIBEIRO;1;1
EMILIA RAHNEMAY KOHLMAN RABBANI;ANNA LUCIA MIRANDA COSTA;1;1
EMILIA RAHNEMAY KOHLMAN RABBANI;BARBARA VIRGINIA PEREIRA CAVALCANTI;1;1
EMILIA RAHNEMAY KOHLMAN RABBANI;D…BORA RIBEIRO DE LIRA LIMA;1;1
EMILIA RAHNEMAY KOHLMAN RABBANI;EMILAYNE VICTORIA OLIVEIRA ROCHA;1;1
EMILIA RAHNEMAY KOHLMAN RABBANI;LETÕCIA GABRIELLE BARBOSA DE OLIVEIRA;1;1
EMILIA RAHNEMAY KOHLMAN RABBANI;MARCIA REJANE OLIVEIRA BARROS CARVALHO MACEDO;1;1
EMILIA RAHNEMAY KOHLMAN RABBANI;MARIA CONCEICAO DA COSTA SILVA;1;1
EMILIA RAHNEMAY KOHLMAN RABBANI;MARIA KAROLINE PEDROSA DE ANDRADE;1;1
EMILIA RAHNEMAY KOHLMAN RABBANI;SERGIO PERES RAMOS DA SILVA;1;1
ERIKA PINTO MARINHO;ANA CECILIA VIEIRA DA NOBREGA;1;1
ERIKA PINTO MARINHO;CEZAR AUGUSTO CASAGRANDE;1;1
ERIKA PINTO MARINHO;FELIPE ALVES DE OLIVEIRA;1;1
ERIKA PINTO MARINHO;LIDIANE FERNANDA JOCHEM;1;1
FRANCINE ALVES DA COSTA;MARCO ANTONIO MORALES TORRES;1;1
FRANCINE ALVES DA COSTA;UILAME UMBELINO GOMES;1;1
GIOVANNA MACHADO;ELSON LONGO DA SILVA;1;1
GIOVANNA MACHADO;JULIO CESAR FERNANDES FONSECA;1;1
GIOVANNA MACHADO;LARISSA AGOSTINHO DE SANTA CRUZ OLIVEIRA;1;1
GIOVANNA MACHADO;MARCO AURELIO SULLER GARCIA;1;1
GISELIA CARDOSO;ANY CAROLINE LACERDA DE REZENDE;1;1
HENRIETTE MONTEIRO CORDEIRO DE AZEREDO;LUIZ HENRIQUE CAPPARELLI MATTOSO;1;1
HENRIETTE MONTEIRO CORDEIRO DE AZEREDO;RENATA VALERIANO TONON;1;1
IANA ALEXANDRA ALVES RUFINO;HIGOR COSTA DE BRITO;1;1
IANA ALEXANDRA ALVES RUFINO;PRISCILA BARROS RAMALHO ALVES;1;1
INAJA FRANCISCO DE SOUSA;CAMILO RAFAEL PEREIRA BRANDAO;1;1
INAJA FRANCISCO DE SOUSA;JOSE MURILHO FARIAS BOMFIM;1;1
ISIS DIDIER LINS;ALEXSANDRO DOS SANTOS;1;1
ISIS DIDIER LINS;ALICE ARA⁄JO;1;1
ISIS DIDIER LINS;ANA LISA GOMES;1;1
ISIS DIDIER LINS;CAIO BEZERRA SOUTO MAIOR;2;2
ISIS DIDIER LINS;EWERTON HENRIQUE DA CONCEI«√O;1;1
ISIS DIDIER LINS;FELIPE CAVALCANTI DE BARROS FELIPE;1;1
ISIS DIDIER LINS;JOAO MATEUS MARQUES DE SANTANA;2;2
ISIS DIDIER LINS;JOS… C¬NDIDO FERRAZ;1;1
ISIS DIDIER LINS;LEONARDO STRECK RAUPP;2;2
ISIS DIDIER LINS;MARCELO ARTUR XAVIER DE LIMA;1;1
ISIS DIDIER LINS;MARCIO JOSE DAS CHAGAS MOURA;2;2
ISIS DIDIER LINS;RAMON NASCIMENTO SILVA;1;1
JOANNA ELZBIETA KULESZA;BRAULIO SILVA BARROS;1;1
JOANNA ELZBIETA KULESZA;SEVERINO ALVES JUNIOR;1;1
JULIANA MOURA DE LUNA;ELANNIE SALVINA COSTA DA SILVA;1;1
JULIANA MOURA DE LUNA;FABIOLA CAROLINA GOMES DE ALMEIDA;1;1
JULIANA MOURA DE LUNA;JULIO CESAR VASCONCELOS DOS SANTOS;1;1
JULIANA MOURA DE LUNA;K I COSTA;1;1
JULIANA MOURA DE LUNA;KAREN GERCYANE OLIVEIRA BEZERRA;1;1
JULIANA MOURA DE LUNA;LEONIE ASFORA SARUBBO GAMA;1;1
JULIANA MOURA DE LUNA;RAQUEL DINIZ RUFINO;1;1
KAREN VALVERDE PONTES;BRENDA NOVAIS VIANA;1;1
KAREN VALVERDE PONTES;EDNILDO ANDRADE TORRES;1;1
KAREN VALVERDE PONTES;FARAYDE MATTA FAKHOURI;1;1
KAREN VALVERDE PONTES;IDELFONSO BESSA DOS REIS NOGUEIRA;1;1
KAREN VALVERDE PONTES;ROSANA LOPES LIMA FIALHO;1;1
KAREN VALVERDE PONTES;SERGIO HENRIQUE FERREIRA MARTINS;1;1
LARA SUCUPIRA FURTADO;DANIEL J R VASCONCELOS;1;1
LARA SUCUPIRA FURTADO;GUILHERME SALES FERNANDES;1;1
LARA SUCUPIRA FURTADO;GUSTAVO MOURA;1;1
LARA SUCUPIRA FURTADO;JESSICA M PAYNE;1;1
LARA SUCUPIRA FURTADO;LÕVIA ALMADA CRUZ;1;1
LARA SUCUPIRA FURTADO;REGIS PIRES MAGALHAES;1;1
LARA SUCUPIRA FURTADO;TICIANA L COELHO DA SILVA;1;1
LEDA CHRISTIANE DE FIGUEIREDO LOPES LUCENA;MATHEUS COSTA LOPES;1;1
LEDA CHRISTIANE DE FIGUEIREDO LOPES LUCENA;PAULO GERMANO TAVARES MARINHO FILHO;1;1
LEIDJANE MARIA MACIEL DE OLIVEIRA;ANDERSON LUIZ RIBEIRO DE PAIVA;3;3
LEIDJANE MARIA MACIEL DE OLIVEIRA;JAIME JOAQUIM DA SILVA PEREIRA CABRAL;1;1
LEIDJANE MARIA MACIEL DE OLIVEIRA;SYLVANA MELO DOS SANTOS;2;2
LEISE KELLI DE OLIVEIRA;BRUNO VIEIRA BERTONCINI;1;1
LEISE KELLI DE OLIVEIRA;CAMILA RIBEIRO DAMASCENO MARTINS;1;1
LEISE KELLI DE OLIVEIRA;CHEYENNE MARIANA DE OLIVEIRA CARNEIRO;1;1
LEISE KELLI DE OLIVEIRA;ISABELA KOPPERSCHMIDT DE OLIVEIRA;2;2
LEISE KELLI DE OLIVEIRA;LEONARDO HERSZON MEIRA;2;2
LEISE KELLI DE OLIVEIRA;LIGIA RABAY MANGUEIRA ARAUJO;1;1
LEISE KELLI DE OLIVEIRA;MARIA LEONOR ALVES MAIA;2;2
LEISE KELLI DE OLIVEIRA;RODRIGO AFFONSO DE ALBUQUERQUE NOBREGA;1;1
LEONIE ASFORA SARUBBO GAMA;ALESSANDRO ALBERTO CASAZZA;2;2
LEONIE ASFORA SARUBBO GAMA;ALEXANDRE AUGUSTO PAREDES SELVA FILHO;1;1
LEONIE ASFORA SARUBBO GAMA;ALEXANDRE D LAMARE MAIA DE MEDEIROS;3;3
LEONIE ASFORA SARUBBO GAMA;ALICIA MARIA ANDRADE TORRES JARA;1;1
LEONIE ASFORA SARUBBO GAMA;ANDREA FERNANDA DE SANTANA COSTA;4;4
LEONIE ASFORA SARUBBO GAMA;ATTILIO CONVERTI;7;7
LEONIE ASFORA SARUBBO GAMA;BAHAR ALIAKBARIAN;1;1
LEONIE ASFORA SARUBBO GAMA;BEATRIZ GALDINO RIBEIRO;2;2
LEONIE ASFORA SARUBBO GAMA;BRUNO AUGUSTO CABRAL ROQUE;2;2
LEONIE ASFORA SARUBBO GAMA;BRUNO OLIVEIRA DE VERAS;1;1
LEONIE ASFORA SARUBBO GAMA;CINTIA VITORIA MARIA DE SOUZA;1;1
LEONIE ASFORA SARUBBO GAMA;CLAUDIO JOSE GALDINO DA SILVA JUNIOR;3;3
LEONIE ASFORA SARUBBO GAMA;CRISTIANE MARCELINA DE MORAES;2;2
LEONIE ASFORA SARUBBO GAMA;DANIELLA CARLA NAPOLEAO;1;1
LEONIE ASFORA SARUBBO GAMA;DINALDO CAVALCANTI DE OLIVEIRA;2;2
LEONIE ASFORA SARUBBO GAMA;ELEONORA MARIA PEREIRA DE LUNA FREIRE;1;1
LEONIE ASFORA SARUBBO GAMA;EMANUEL L FERNANDES;1;1
LEONIE ASFORA SARUBBO GAMA;FABIOLA CAROLINA GOMES DE ALMEIDA;1;1
LEONIE ASFORA SARUBBO GAMA;FERNANDO FERREIRA DA SILVA DIAS;1;1
LEONIE ASFORA SARUBBO GAMA;GLORIA MARIA VINHAS;2;2
LEONIE ASFORA SARUBBO GAMA;HELENISE ALMEIDA DO NASCIMENTO;1;1
LEONIE ASFORA SARUBBO GAMA;HEMIR DA CUNHA SANTIAGO;1;1
LEONIE ASFORA SARUBBO GAMA;HILARIO JORGE BEZERRA DE LIMA FILHO;1;1
LEONIE ASFORA SARUBBO GAMA;HUGO MORAIS MEIRA;1;1
LEONIE ASFORA SARUBBO GAMA;IBRAHIM BANAT;1;1
LEONIE ASFORA SARUBBO GAMA;ITALO JOSE BATISTA DURVAL;3;3
LEONIE ASFORA SARUBBO GAMA;IVISON AMARO DA SILVA;2;2
LEONIE ASFORA SARUBBO GAMA;JAILSON ROLIM TEODOSIO;2;2
LEONIE ASFORA SARUBBO GAMA;JENYFFER MEDEIROS CAMPOS GUERRA;1;1
LEONIE ASFORA SARUBBO GAMA;JOSE CARLOS SILVA CAVALCANTI;1;1
LEONIE ASFORA SARUBBO GAMA;JULIA D P AMORIM;1;1
LEONIE ASFORA SARUBBO GAMA;JULIA DIDIER PEDROSA DE AMORIM;3;3
LEONIE ASFORA SARUBBO GAMA;JULIANO PAPPALARDO GIANNI;1;1
LEONIE ASFORA SARUBBO GAMA;JULIERME G C OLIVEIRA;1;1
LEONIE ASFORA SARUBBO GAMA;JULIERME GOMES CORREIA DE OLIVEIRA;1;1
LEONIE ASFORA SARUBBO GAMA;KAREN GERCYANE OLIVEIRA BEZERRA;3;3
LEONIE ASFORA SARUBBO GAMA;LUIZ E P T DE M FILHO;1;1
LEONIE ASFORA SARUBBO GAMA;MANOEL HENRIQUE DA NOBREGA MARINHO;1;1
LEONIE ASFORA SARUBBO GAMA;MARIA DA GLORIA CONCEICAO DA SILVA;1;1
LEONIE ASFORA SARUBBO GAMA;MATTHEW S TWIGG;1;1
LEONIE ASFORA SARUBBO GAMA;MOHAMED ABBOUD MOHAMED;1;1
LEONIE ASFORA SARUBBO GAMA;MOHAND BENACHOUR;5;5
LEONIE ASFORA SARUBBO GAMA;NELSON MEDEIROS DE LIMA FILHO;1;1
LEONIE ASFORA SARUBBO GAMA;PEDRO PINTO FERREIRA BRASILEIRO;2;2
LEONIE ASFORA SARUBBO GAMA;RANIELLY MONTEIRO BATISTA;1;1
LEONIE ASFORA SARUBBO GAMA;RAQUEL DINIZ RUFINO;1;1
LEONIE ASFORA SARUBBO GAMA;RICARDO BARBOSA DAMIAN;1;1
LEONIE ASFORA SARUBBO GAMA;RICARDO BASTOS CAVALCANTE PRUDENCIO;1;1
LEONIE ASFORA SARUBBO GAMA;RITA DE CASSIA FREIRE SOARES DA SILVA;1;1
LEONIE ASFORA SARUBBO GAMA;SILVA MMM;1;1
LEONIE ASFORA SARUBBO GAMA;THAIS CAVALCANTE DE SOUZA;1;1
LEONIE ASFORA SARUBBO GAMA;THAYZA CHRISTINA MONTENEGRO STAMFORD;1;1
LEONIE ASFORA SARUBBO GAMA;VIVIANE LANSKY XAVIER;1;1
LEONIE ASFORA SARUBBO GAMA;YANA BATISTA BRANDAO;4;4
LEONIE ASFORA SARUBBO GAMA;YASMIM CVALCANTI;1;1
LEONIE ASFORA SARUBBO GAMA;YASMIM DE FARIAS CAVALCANTI;1;1
LUCIA REIS PEIXOTO ROSELLI;ADIEL TEIXEIRA DE ALMEIDA;2;2
LUCIA REIS PEIXOTO ROSELLI;JOSE RUY FIGUEIRA;1;1
MARCELE ELISA FONTANA;EMERSON PHILIPE SINESIO;1;1
MARCELE ELISA FONTANA;JOSE LEAO E SILVA FILHO;1;1
MARCELE ELISA FONTANA;NATALLYA DE ALMEIDA LEVINO;2;2
MARCELE ELISA FONTANA;PATRICIA GUARNIERI DOS SANTOS;2;2
MARCELE ELISA FONTANA;SATTAR SALEHI;1;1
M¡RCIA MARIA RIOS RIBEIRO;MAYCON BRENO MACENA DA SILVA;1;1
M¡RCIA MARIA RIOS RIBEIRO;SIMONE TAVARES DA SILVA;1;1
MARIA ALEXSANDRA DE SOUSA RIOS;EDSON CAVALCANTI DA SILVA FILHO;1;1
MARIA ALEXSANDRA DE SOUSA RIOS;FRANCISCO FELIPE MAIA DA SILVA;1;1
MARIA ALEXSANDRA DE SOUSA RIOS;JONATAS MARTINS NEGREIRO;1;1
MARIA CAROLINA GONZALEZ;ANDRESSA RADISKE;3;3
MARIA CAROLINA GONZALEZ;JANINE INEZ ROSSATO;3;3
MARIA CAROLINA GONZALEZ;LIA REJANE MULLER BEVILAQUA;3;3
MARIA CAROLINA GONZALEZ;MARTIN PABLO CAMMAROTA;3;3
MARIA CAROLINA GONZALEZ;SERGIO ANDRES CONDE OCAZIONEZ;2;2
MARIA DO CARMO MARTINS SOBRAL;MARIA DE LOURDES FLORENCIO DOS SANTOS;1;1
MARIA ISABELA MARQUES DA CUNHA VIEIRA BELLO;CAROLINE ISABELE NEPOMUCENO;1;1
MARIA ISABELA MARQUES DA CUNHA VIEIRA BELLO;JEFFERSON PEDRO DA SILVA;2;2
MARIA ISABELA MARQUES DA CUNHA VIEIRA BELLO;JONNY DANTAS PATRICIO;1;1
MARIA ISABELA MARQUES DA CUNHA VIEIRA BELLO;JOSE VALDEILDO MOREIRA JORDAO JUNIOR;1;1
MARIA ISABELA MARQUES DA CUNHA VIEIRA BELLO;RAIMUNDO PAULO DA SILVA JUNIOR;2;2
MARIA ISABELA MARQUES DA CUNHA VIEIRA BELLO;RICARDO SERGIO MACEDO TABOSA FILHO;1;1
MARIA ISABELA MARQUES DA CUNHA VIEIRA BELLO;TIAGO BARBOSA DA SILVA;1;1
MARIA ISABELA MARQUES DA CUNHA VIEIRA BELLO;WESLEY MICHAEL PEREIRA SILVA;1;1
MARIA ISABELA MARQUES DA CUNHA VIEIRA BELLO;YAGO RYAN PINHEIRO DOS SANTOS;1;1
MARIA ISIDORIA SILVA GONZAGA;ANDRE QUINTAO DE ALMEIDA;1;1
MARIA ISIDORIA SILVA GONZAGA;DANYELLE CHAVES FIGUEIREDO DE SOUZA;1;1
MARIA ISIDORIA SILVA GONZAGA;JADY DA SILVA ARA⁄JO;1;1
MARIA ISIDORIA SILVA GONZAGA;JOSE CARLOS DOS SANTOS;3;3
MARIA ISIDORIA SILVA GONZAGA;K¡SSIO DA ROS;1;1
MARIA ISIDORIA SILVA GONZAGA;LUIZ FERNANDO GANASSALI DE OLIVEIRA JUNIOR;1;1
MARIA ISIDORIA SILVA GONZAGA;PRYANKA THUYRA NASCIMENTO FONTES;1;1
MARIA ISIDORIA SILVA GONZAGA;THOMAS ANT‘NIO SILVA GONZAGA;1;1
MARIA ISIDORIA SILVA GONZAGA;WALLACE MELO DOS SANTOS;1;1
MICHELLE CEQUEIRA FEITOR;ROMULO RIBEIRO MAGALHAES DE SOUSA;2;2
MICHELLE CEQUEIRA FEITOR;THERCIO HENRIQUE DE CARVALHO COSTA;1;1
MONICA CARVALHO;ADRIANO DA SILVA MARQUES;1;1
MONICA CARVALHO;GUSTAVO COLACO DALBUQUERQUE CAVALCANTI;1;1
MONICA CARVALHO;JORDAN NUNES DE FIGUEIREDO;1;1
MONICA CARVALHO;LILIANE DOS SANTOS MACHADO;1;1
MONICA CARVALHO;RAPHAEL ABRAHAO;3;3
MONICA CARVALHO;ROMMEL DE SANTANA FREIRE;1;1
NADEGE SOPHIE BOUCHONNEAU DA SILVA;ALEX COSTA DA SILVA;1;1
NADEGE SOPHIE BOUCHONNEAU DA SILVA;MOACYR CUNHA DE ARAUJO FILHO;1;1
NADEGE SOPHIE BOUCHONNEAU DA SILVA;VIVIANNE MARIE BRUERE DE CARVALHO PAIVA;1;1
NATHALIA BEZERRA DE LIMA;BRAULIO SILVA BARROS;1;1
NATHALIA BEZERRA DE LIMA;KLEBER GONCALVES BEZERRA ALVES;1;1
NATHALIA BEZERRA DE LIMA;TIAGO FELIPE DE ABREU SANTOS;2;2
NATHALIA SARAIVA RIOS;BENEVIDES COSTA PESSELA;1;1
NATHALIA SARAIVA RIOS;BRUNA B PINHEIRO;1;1
NATHALIA SARAIVA RIOS;BRUNA BANDEIRA PINHEIRO;1;1
NATHALIA SARAIVA RIOS;GEANCARLO ZANATTA;1;1
NATHALIA SARAIVA RIOS;HUBERT CABANA;1;1
NATHALIA SARAIVA RIOS;LOUN»S HAROUNE;1;1
NATHALIA SARAIVA RIOS;LUCIANA ROCHA BARROS GONCALVES;2;2
NATHALIA SARAIVA RIOS;SABRINA SAIBI;1;1
ROBERTA TARGINO PINTO CORREIA;MARY ANN LILA;1;1
ROMILDE ALMEIDA DE OLIVEIRA;ARNALDO MANOEL PEREIRA CARNEIRO;1;1
ROMILDE ALMEIDA DE OLIVEIRA;YEDA VIEIRA POVOAS;1;1
ROSANE MARIA PESSOA BETANIO OLIVEIRA;CRISTIANE XAVIER RESENDE;1;1
ROSANE MARIA PESSOA BETANIO OLIVEIRA;NILSON DOS SANTOS FERREIRA;1;1
ROSANE MARIA PESSOA BETANIO OLIVEIRA;ROBERT SARAIVA MATOS;1;1
ROSANGELA GOMES TAVARES;GLEYTON LOPES BARBOZA LACERDA;1;1
ROSANGELA GOMES TAVARES;MILLA GOMES ALBUQUERQUE;1;1
ROSANGELA GOMES TAVARES;PATRICIA NAZARE FERREIRA DOS SANTOS;1;1
ROSANGELA GOMES TAVARES;SHARA SONALLY OLIVEIRA DE SOUSA;1;1
ROSANGELA GOMES TAVARES;SUELEN NASCIMENTO DOS SANTOS;1;1
ROSANGELA GOMES TAVARES;VIVIANE BORGES DIAS;1;1
ROSILEIDE FONTENELE DA SILVA ANDRADE;CARLA DO COUTO SOARES MACIEL;1;1
ROSILEIDE FONTENELE DA SILVA ANDRADE;GALBA MARIA DE CAMPOS TAKAKI;1;1
ROSILEIDE FONTENELE DA SILVA ANDRADE;NORMA BUARQUE DE GUSMAO;1;1
SANDRA NAOMI MORIOKA;IVAN BOLIS;1;1
SANDRA NAOMI MORIOKA;MARIA HOLGADO;1;1
SANDRA NAOMI MORIOKA;MARLY MONTEIRO DE CARVALHO;1;1
SANDRA NAOMI MORIOKA;PAULO ROTELLA JUNIOR;1;1
SANDRA NAOMI MORIOKA;STEVE EVANS;1;1
SAVIA GAVAZZA DOS SANTOS PESSOA;MARIA DE LOURDES FLORENCIO DOS SANTOS;1;1
SAVIA GAVAZZA DOS SANTOS PESSOA;SIMONE MACHADO SANTOS;1;1
SIMONE MACHADO SANTOS;FABRICIO MOTTERAN;1;1
SIMONE MACHADO SANTOS;MAISA MENDONCA SILVA;2;2
SIMONE MACHADO SANTOS;MARIA DE LOURDES FLORENCIO DOS SANTOS;3;3
SIMONE MACHADO SANTOS;MARIO TAKAYUKI KATO;1;1
SIMONE MACHADO SANTOS;SAVIA GAVAZZA DOS SANTOS PESSOA;1;1
SIMONE MACHADO SANTOS;THAIS TAINAN SANTOS DA SILVA;1;1
SORAYA GIOVANETTI EL DEIR;EVALDO DANTAS DA SILVA;1;1
SUELI RODRIGUES;FABIANO ANDRE NARCISO FERNANDES;5;5
SYLVANA MELO DOS SANTOS;ANDERSON LUIZ RIBEIRO DE PAIVA;2;2
SYLVANA MELO DOS SANTOS;CAMILA OLIVEIRA DE BRITTO SALGUEIRO;1;1
SYLVANA MELO DOS SANTOS;DEBORA NATALIA OLIVEIRA DE ALMEIDA;1;1
SYLVANA MELO DOS SANTOS;ERIKA PINTO MARINHO;2;2
SYLVANA MELO DOS SANTOS;GLENDA CORDEIRO DE OLIVEIRA LIMA;1;1
SYLVANA MELO DOS SANTOS;HAYLLA REBEKA DE ALBUQUERQUE LINS LEONARDO;2;2
SYLVANA MELO DOS SANTOS;LEIDJANE MARIA MACIEL DE OLIVEIRA;1;1
SYLVANA MELO DOS SANTOS;LUTTEMBERG FERREIRA DE ARAUJO;1;1
SYLVANA MELO DOS SANTOS;RANNY SCARLLET TAVARES MARCOLINO DA ROCHA;1;1
SYLVANA MELO DOS SANTOS;SAVIA GAVAZZA DOS SANTOS PESSOA;1;1
SYLVANA MELO DOS SANTOS;YAN RANNY MACHADO GOMES;1;1
TEREZA NEUMA DE CASTRO DANTAS;AFONSO AVELINO DANTAS NETO;1;1
TEREZA NEUMA DE CASTRO DANTAS;FLAVIA FREITAS VIANA;1;1
TEREZA NEUMA DE CASTRO DANTAS;PEDRO TUPA PANDAVA AUM;1;1
TEREZA NEUMA DE CASTRO DANTAS;TAMYRIS THAISE COSTA DE SOUZA;1;1
VANESSA RIBEIRO CAMPOS;DELCIA JANINE SEQUEIRA MOREIRA;1;1
YEDA MEDEIROS BASTOS DE ALMEIDA;GLORIA MARIA VINHAS;1;1
