ID;Source;Target;Weight;Type;Label
1;76;123;93;Undirected;93
2;41;124;51;Undirected;51
3;45;69;36;Undirected;36
4;2;60;34;Undirected;34
5;12;68;28;Undirected;28
6;67;124;27;Undirected;27
7;76;121;27;Undirected;27
8;76;88;26;Undirected;26
9;68;78;26;Undirected;26
10;55;69;21;Undirected;21
11;94;100;21;Undirected;21
12;121;123;21;Undirected;21
13;65;71;21;Undirected;21
14;69;72;20;Undirected;20
15;94;121;20;Undirected;20
16;23;63;20;Undirected;20
17;41;67;20;Undirected;20
18;23;69;19;Undirected;19
19;98;99;18;Undirected;18
20;65;96;18;Undirected;18
21;121;124;18;Undirected;18
22;105;124;17;Undirected;17
23;33;55;17;Undirected;17
24;60;121;16;Undirected;16
25;27;116;16;Undirected;16
26;46;121;16;Undirected;16
27;29;124;15;Undirected;15
28;45;55;15;Undirected;15
29;76;124;15;Undirected;15
30;33;69;15;Undirected;15
31;65;118;14;Undirected;14
32;33;45;14;Undirected;14
33;76;99;14;Undirected;14
34;41;76;14;Undirected;14
35;74;124;14;Undirected;14
36;6;121;13;Undirected;13
37;23;42;13;Undirected;13
38;45;72;13;Undirected;13
39;56;85;13;Undirected;13
40;88;98;12;Undirected;12
41;58;66;12;Undirected;12
42;41;105;12;Undirected;12
43;26;27;12;Undirected;12
44;65;70;12;Undirected;12
45;49;113;12;Undirected;12
46;45;121;12;Undirected;12
47;60;65;12;Undirected;12
48;4;55;11;Undirected;11
49;50;121;11;Undirected;11
50;89;123;11;Undirected;11
51;56;81;11;Undirected;11
52;60;99;11;Undirected;11
53;99;123;11;Undirected;11
54;58;76;11;Undirected;11
55;65;121;11;Undirected;11
56;50;65;10;Undirected;10
57;40;124;10;Undirected;10
58;58;82;10;Undirected;10
59;50;72;10;Undirected;10
60;50;76;10;Undirected;10
61;78;111;10;Undirected;10
62;123;124;10;Undirected;10
63;12;62;10;Undirected;10
64;88;123;10;Undirected;10
65;8;113;10;Undirected;10
66;63;94;9;Undirected;9
67;68;111;9;Undirected;9
68;76;100;9;Undirected;9
69;89;124;9;Undirected;9
70;100;121;9;Undirected;9
71;29;67;9;Undirected;9
72;29;81;9;Undirected;9
73;81;121;9;Undirected;9
74;23;55;9;Undirected;9
75;74;117;9;Undirected;9
76;8;73;9;Undirected;9
77;50;69;9;Undirected;9
78;58;62;9;Undirected;9
79;78;110;8;Undirected;8
80;41;56;8;Undirected;8
81;76;94;8;Undirected;8
82;27;76;8;Undirected;8
83;76;116;8;Undirected;8
84;90;106;8;Undirected;8
85;71;96;8;Undirected;8
86;76;89;8;Undirected;8
87;76;84;8;Undirected;8
88;56;123;8;Undirected;8
89;64;65;8;Undirected;8
90;23;33;8;Undirected;8
91;98;123;8;Undirected;8
92;65;124;8;Undirected;8
93;68;124;8;Undirected;8
94;27;89;7;Undirected;7
95;8;71;7;Undirected;7
96;101;124;7;Undirected;7
97;52;65;7;Undirected;7
98;27;100;7;Undirected;7
99;41;94;7;Undirected;7
100;110;111;7;Undirected;7
101;69;121;7;Undirected;7
102;50;62;7;Undirected;7
103;12;81;6;Undirected;6
104;101;123;6;Undirected;6
105;23;85;6;Undirected;6
106;78;121;6;Undirected;6
107;32;56;6;Undirected;6
108;79;84;6;Undirected;6
109;56;76;6;Undirected;6
110;79;80;6;Undirected;6
111;67;81;6;Undirected;6
112;2;121;6;Undirected;6
113;58;60;6;Undirected;6
114;54;124;6;Undirected;6
115;60;62;6;Undirected;6
116;68;85;6;Undirected;6
117;78;124;6;Undirected;6
118;26;121;6;Undirected;6
119;12;56;6;Undirected;6
120;100;113;6;Undirected;6
121;12;78;6;Undirected;6
122;5;60;6;Undirected;6
123;50;60;6;Undirected;6
124;63;100;6;Undirected;6
125;60;76;6;Undirected;6
126;116;121;6;Undirected;6
127;44;124;6;Undirected;6
128;75;110;6;Undirected;6
129;33;121;6;Undirected;6
130;52;64;6;Undirected;6
131;27;121;6;Undirected;6
132;69;74;6;Undirected;6
133;27;55;6;Undirected;6
134;23;50;6;Undirected;6
135;27;69;6;Undirected;6
136;58;64;5;Undirected;5
137;55;99;5;Undirected;5
138;65;85;5;Undirected;5
139;4;69;5;Undirected;5
140;68;110;5;Undirected;5
141;46;76;5;Undirected;5
142;56;121;5;Undirected;5
143;29;68;5;Undirected;5
144;50;123;5;Undirected;5
145;55;76;5;Undirected;5
146;38;74;5;Undirected;5
147;54;60;5;Undirected;5
148;70;121;5;Undirected;5
149;63;121;5;Undirected;5
150;62;121;5;Undirected;5
151;54;63;5;Undirected;5
152;50;102;5;Undirected;5
153;54;123;5;Undirected;5
154;64;74;5;Undirected;5
155;27;65;5;Undirected;5
156;4;33;5;Undirected;5
157;89;121;5;Undirected;5
158;84;123;5;Undirected;5
159;41;65;5;Undirected;5
160;50;70;5;Undirected;5
161;4;124;5;Undirected;5
162;30;68;5;Undirected;5
163;6;76;5;Undirected;5
164;59;70;5;Undirected;5
165;54;121;5;Undirected;5
166;4;57;5;Undirected;5
167;34;124;5;Undirected;5
168;76;98;5;Undirected;5
169;106;121;5;Undirected;5
170;27;50;5;Undirected;5
171;78;107;5;Undirected;5
172;27;46;5;Undirected;5
173;68;121;5;Undirected;5
174;69;123;4;Undirected;4
175;85;123;4;Undirected;4
176;14;50;4;Undirected;4
177;45;54;4;Undirected;4
178;60;123;4;Undirected;4
179;74;76;4;Undirected;4
180;91;123;4;Undirected;4
181;76;113;4;Undirected;4
182;50;124;4;Undirected;4
183;45;50;4;Undirected;4
184;12;76;4;Undirected;4
185;62;82;4;Undirected;4
186;63;68;4;Undirected;4
187;27;70;4;Undirected;4
188;65;123;4;Undirected;4
189;46;116;4;Undirected;4
190;56;124;4;Undirected;4
191;10;78;4;Undirected;4
192;38;76;4;Undirected;4
193;41;81;4;Undirected;4
194;23;76;4;Undirected;4
195;62;106;4;Undirected;4
196;4;23;4;Undirected;4
197;84;87;4;Undirected;4
198;41;84;4;Undirected;4
199;65;78;4;Undirected;4
200;67;94;4;Undirected;4
201;113;123;4;Undirected;4
202;23;65;4;Undirected;4
203;34;116;4;Undirected;4
204;44;76;4;Undirected;4
205;23;123;4;Undirected;4
206;33;94;4;Undirected;4
207;33;76;4;Undirected;4
208;55;89;4;Undirected;4
209;85;121;4;Undirected;4
210;45;60;4;Undirected;4
211;115;116;4;Undirected;4
212;81;89;4;Undirected;4
213;30;121;4;Undirected;4
214;63;70;4;Undirected;4
215;41;121;4;Undirected;4
216;55;121;4;Undirected;4
217;120;121;4;Undirected;4
218;62;81;4;Undirected;4
219;46;124;4;Undirected;4
220;6;104;4;Undirected;4
221;26;116;4;Undirected;4
222;113;121;4;Undirected;4
223;80;84;4;Undirected;4
224;78;100;4;Undirected;4
225;81;124;4;Undirected;4
226;30;101;4;Undirected;4
227;12;111;4;Undirected;4
228;23;121;4;Undirected;4
229;27;85;3;Undirected;3
230;55;63;3;Undirected;3
231;65;76;3;Undirected;3
232;50;94;3;Undirected;3
233;2;76;3;Undirected;3
234;29;78;3;Undirected;3
235;67;123;3;Undirected;3
236;60;113;3;Undirected;3
237;6;74;3;Undirected;3
238;4;45;3;Undirected;3
239;27;74;3;Undirected;3
240;94;98;3;Undirected;3
241;71;118;3;Undirected;3
242;94;113;3;Undirected;3
243;90;121;3;Undirected;3
244;74;123;3;Undirected;3
245;76;81;3;Undirected;3
246;46;91;3;Undirected;3
247;69;124;3;Undirected;3
248;89;92;3;Undirected;3
249;6;106;3;Undirected;3
250;33;56;3;Undirected;3
251;6;123;3;Undirected;3
252;106;123;3;Undirected;3
253;57;62;3;Undirected;3
254;31;89;3;Undirected;3
255;60;122;3;Undirected;3
256;69;85;3;Undirected;3
257;88;121;3;Undirected;3
258;26;76;3;Undirected;3
259;64;121;3;Undirected;3
260;67;76;3;Undirected;3
261;45;122;3;Undirected;3
262;50;88;3;Undirected;3
263;62;63;3;Undirected;3
264;12;65;3;Undirected;3
265;50;85;3;Undirected;3
266;50;77;3;Undirected;3
267;4;63;3;Undirected;3
268;70;76;3;Undirected;3
269;32;123;3;Undirected;3
270;49;76;3;Undirected;3
271;50;68;3;Undirected;3
272;68;123;3;Undirected;3
273;76;85;3;Undirected;3
274;27;122;3;Undirected;3
275;42;69;3;Undirected;3
276;81;85;3;Undirected;3
277;61;123;3;Undirected;3
278;30;124;3;Undirected;3
279;41;55;3;Undirected;3
280;62;123;3;Undirected;3
281;2;94;3;Undirected;3
282;28;123;3;Undirected;3
283;65;74;3;Undirected;3
284;23;54;3;Undirected;3
285;90;123;3;Undirected;3
286;65;113;3;Undirected;3
287;45;76;3;Undirected;3
288;94;123;3;Undirected;3
289;68;107;3;Undirected;3
290;94;124;3;Undirected;3
291;41;89;3;Undirected;3
292;57;60;3;Undirected;3
293;94;104;3;Undirected;3
294;100;116;3;Undirected;3
295;94;99;3;Undirected;3
296;42;56;3;Undirected;3
297;34;108;3;Undirected;3
298;99;122;3;Undirected;3
299;76;78;3;Undirected;3
300;45;56;3;Undirected;3
301;6;56;3;Undirected;3
302;76;101;3;Undirected;3
303;67;110;3;Undirected;3
304;27;33;3;Undirected;3
305;63;76;3;Undirected;3
306;62;69;3;Undirected;3
307;116;123;3;Undirected;3
308;65;69;3;Undirected;3
309;69;76;3;Undirected;3
310;27;78;3;Undirected;3
311;64;70;3;Undirected;3
312;68;113;2;Undirected;2
313;60;69;2;Undirected;2
314;94;116;2;Undirected;2
315;3;106;2;Undirected;2
316;97;124;2;Undirected;2
317;60;82;2;Undirected;2
318;68;69;2;Undirected;2
319;45;68;2;Undirected;2
320;96;118;2;Undirected;2
321;50;74;2;Undirected;2
322;30;123;2;Undirected;2
323;33;100;2;Undirected;2
324;91;124;2;Undirected;2
325;68;99;2;Undirected;2
326;4;70;2;Undirected;2
327;44;67;2;Undirected;2
328;70;120;2;Undirected;2
329;62;76;2;Undirected;2
330;94;105;2;Undirected;2
331;88;100;2;Undirected;2
332;60;98;2;Undirected;2
333;70;89;2;Undirected;2
334;56;65;2;Undirected;2
335;68;75;2;Undirected;2
336;45;113;2;Undirected;2
337;49;60;2;Undirected;2
338;104;121;2;Undirected;2
339;76;77;2;Undirected;2
340;51;123;2;Undirected;2
341;76;91;2;Undirected;2
342;59;65;2;Undirected;2
343;33;57;2;Undirected;2
344;63;123;2;Undirected;2
345;45;63;2;Undirected;2
346;63;124;2;Undirected;2
347;54;76;2;Undirected;2
348;115;121;2;Undirected;2
349;76;93;2;Undirected;2
350;55;72;2;Undirected;2
351;41;63;2;Undirected;2
352;88;124;2;Undirected;2
353;23;45;2;Undirected;2
354;25;63;2;Undirected;2
355;63;98;2;Undirected;2
356;60;68;2;Undirected;2
357;32;85;2;Undirected;2
358;49;68;2;Undirected;2
359;4;50;2;Undirected;2
360;117;124;2;Undirected;2
361;13;46;2;Undirected;2
362;63;67;2;Undirected;2
363;50;99;2;Undirected;2
364;64;71;2;Undirected;2
365;55;85;2;Undirected;2
366;63;78;2;Undirected;2
367;84;98;2;Undirected;2
368;92;123;2;Undirected;2
369;21;121;2;Undirected;2
370;13;27;2;Undirected;2
371;84;88;2;Undirected;2
372;23;74;2;Undirected;2
373;68;74;2;Undirected;2
374;61;89;2;Undirected;2
375;88;89;2;Undirected;2
376;27;124;2;Undirected;2
377;12;121;2;Undirected;2
378;28;56;2;Undirected;2
379;30;49;2;Undirected;2
380;45;62;2;Undirected;2
381;23;56;2;Undirected;2
382;49;85;2;Undirected;2
383;89;90;2;Undirected;2
384;62;77;2;Undirected;2
385;55;81;2;Undirected;2
386;46;89;2;Undirected;2
387;5;62;2;Undirected;2
388;41;46;2;Undirected;2
389;55;60;2;Undirected;2
390;38;94;2;Undirected;2
391;46;123;2;Undirected;2
392;63;72;2;Undirected;2
393;30;110;2;Undirected;2
394;56;69;2;Undirected;2
395;56;68;2;Undirected;2
396;27;45;2;Undirected;2
397;8;45;2;Undirected;2
398;44;97;2;Undirected;2
399;52;123;2;Undirected;2
400;60;85;2;Undirected;2
401;23;111;2;Undirected;2
402;54;99;2;Undirected;2
403;49;69;2;Undirected;2
404;30;45;2;Undirected;2
405;33;63;2;Undirected;2
406;77;124;2;Undirected;2
407;12;124;2;Undirected;2
408;90;99;2;Undirected;2
409;75;111;2;Undirected;2
410;57;99;2;Undirected;2
411;52;70;2;Undirected;2
412;104;106;2;Undirected;2
413;6;64;2;Undirected;2
414;119;121;2;Undirected;2
415;67;106;2;Undirected;2
416;33;62;2;Undirected;2
417;77;99;2;Undirected;2
418;62;98;2;Undirected;2
419;55;70;2;Undirected;2
420;50;111;2;Undirected;2
421;33;72;2;Undirected;2
422;55;122;2;Undirected;2
423;41;113;2;Undirected;2
424;33;60;2;Undirected;2
425;38;121;2;Undirected;2
426;65;105;2;Undirected;2
427;50;64;2;Undirected;2
428;50;120;2;Undirected;2
429;61;121;2;Undirected;2
430;29;121;2;Undirected;2
431;67;113;2;Undirected;2
432;29;65;2;Undirected;2
433;69;120;2;Undirected;2
434;63;99;2;Undirected;2
435;63;65;2;Undirected;2
436;68;81;2;Undirected;2
437;74;101;2;Undirected;2
438;49;121;2;Undirected;2
439;70;113;2;Undirected;2
440;58;65;2;Undirected;2
441;41;123;2;Undirected;2
442;89;99;2;Undirected;2
443;62;67;2;Undirected;2
444;89;91;2;Undirected;2
445;44;123;2;Undirected;2
446;76;111;2;Undirected;2
447;113;116;2;Undirected;2
448;23;27;2;Undirected;2
449;99;121;2;Undirected;2
450;56;101;2;Undirected;2
451;99;124;2;Undirected;2
452;2;55;2;Undirected;2
453;73;123;2;Undirected;2
454;75;117;2;Undirected;2
455;23;124;2;Undirected;2
456;50;56;2;Undirected;2
457;55;124;2;Undirected;2
458;65;119;2;Undirected;2
459;33;120;2;Undirected;2
460;1;68;1;Undirected; 
461;31;98;1;Undirected; 
462;6;100;1;Undirected; 
463;23;100;1;Undirected; 
464;70;124;1;Undirected; 
465;27;60;1;Undirected; 
466;84;124;1;Undirected; 
467;62;120;1;Undirected; 
468;27;68;1;Undirected; 
469;2;100;1;Undirected; 
470;64;100;1;Undirected; 
471;55;100;1;Undirected; 
472;108;124;1;Undirected; 
473;26;29;1;Undirected; 
474;113;124;1;Undirected; 
475;65;120;1;Undirected; 
476;8;65;1;Undirected; 
477;34;100;1;Undirected; 
478;70;102;1;Undirected; 
479;50;101;1;Undirected; 
480;3;120;1;Undirected; 
481;27;41;1;Undirected; 
482;26;124;1;Undirected; 
483;33;119;1;Undirected; 
484;50;63;1;Undirected; 
485;23;101;1;Undirected; 
486;76;102;1;Undirected; 
487;91;105;1;Undirected; 
488;64;120;1;Undirected; 
489;2;4;1;Undirected; 
490;49;124;1;Undirected; 
491;33;101;1;Undirected; 
492;26;70;1;Undirected; 
493;67;105;1;Undirected; 
494;63;105;1;Undirected; 
495;67;104;1;Undirected; 
496;49;116;1;Undirected; 
497;2;6;1;Undirected; 
498;72;122;1;Undirected; 
499;27;115;1;Undirected; 
500;65;68;1;Undirected; 
501;76;82;1;Undirected; 
502;98;107;1;Undirected; 
503;56;105;1;Undirected; 
504;78;116;1;Undirected; 
505;5;23;1;Undirected; 
506;96;121;1;Undirected; 
507;88;115;1;Undirected; 
508;36;68;1;Undirected; 
509;58;78;1;Undirected; 
510;70;85;1;Undirected; 
511;65;98;1;Undirected; 
512;84;116;1;Undirected; 
513;8;23;1;Undirected; 
514;9;123;1;Undirected; 
515;52;121;1;Undirected; 
516;26;55;1;Undirected; 
517;64;78;1;Undirected; 
518;15;87;1;Undirected; 
519;45;95;1;Undirected; 
520;96;113;1;Undirected; 
521;42;45;1;Undirected; 
522;62;104;1;Undirected; 
523;87;121;1;Undirected; 
524;29;55;1;Undirected; 
525;27;88;1;Undirected; 
526;41;87;1;Undirected; 
527;38;97;1;Undirected; 
528;99;113;1;Undirected; 
529;23;46;1;Undirected; 
530;91;104;1;Undirected; 
531;116;122;1;Undirected; 
532;45;57;1;Undirected; 
533;85;88;1;Undirected; 
534;60;88;1;Undirected; 
535;2;99;1;Undirected; 
536;89;115;1;Undirected; 
537;45;49;1;Undirected; 
538;60;116;1;Undirected; 
539;42;123;1;Undirected; 
540;45;58;1;Undirected; 
541;31;91;1;Undirected; 
542;85;89;1;Undirected; 
543;31;99;1;Undirected; 
544;23;116;1;Undirected; 
545;41;50;1;Undirected; 
546;89;116;1;Undirected; 
547;45;123;1;Undirected; 
548;12;59;1;Undirected; 
549;88;120;1;Undirected; 
550;27;91;1;Undirected; 
551;13;70;1;Undirected; 
552;64;113;1;Undirected; 
553;6;52;1;Undirected; 
554;2;116;1;Undirected; 
555;71;123;1;Undirected; 
556;2;62;1;Undirected; 
557;16;121;1;Undirected; 
558;23;94;1;Undirected; 
559;51;81;1;Undirected; 
560;18;124;1;Undirected; 
561;41;54;1;Undirected; 
562;72;120;1;Undirected; 
563;83;124;1;Undirected; 
564;30;50;1;Undirected; 
565;45;119;1;Undirected; 
566;49;94;1;Undirected; 
567;60;81;1;Undirected; 
568;81;123;1;Undirected; 
569;50;54;1;Undirected; 
570;104;120;1;Undirected; 
571;77;123;1;Undirected; 
572;33;50;1;Undirected; 
573;27;113;1;Undirected; 
574;78;94;1;Undirected; 
575;68;84;1;Undirected; 
576;117;121;1;Undirected; 
577;6;67;1;Undirected; 
578;116;119;1;Undirected; 
579;60;95;1;Undirected; 
580;49;52;1;Undirected; 
581;30;113;1;Undirected; 
582;94;95;1;Undirected; 
583;5;85;1;Undirected; 
584;112;122;1;Undirected; 
585;60;72;1;Undirected; 
586;67;121;1;Undirected; 
587;63;96;1;Undirected; 
588;13;54;1;Undirected; 
589;65;117;1;Undirected; 
590;74;97;1;Undirected; 
591;8;85;1;Undirected; 
592;78;91;1;Undirected; 
593;41;69;1;Undirected; 
594;33;74;1;Undirected; 
595;8;99;1;Undirected; 
596;5;15;1;Undirected; 
597;12;107;1;Undirected; 
598;13;116;1;Undirected; 
599;63;85;1;Undirected; 
600;8;94;1;Undirected; 
601;54;70;1;Undirected; 
602;4;72;1;Undirected; 
603;8;100;1;Undirected; 
604;8;30;1;Undirected; 
605;99;107;1;Undirected; 
606;38;117;1;Undirected; 
607;54;88;1;Undirected; 
608;33;89;1;Undirected; 
609;23;61;1;Undirected; 
610;27;72;1;Undirected; 
611;52;85;1;Undirected; 
612;29;38;1;Undirected; 
613;29;110;1;Undirected; 
614;67;117;1;Undirected; 
615;83;88;1;Undirected; 
616;62;89;1;Undirected; 
617;4;62;1;Undirected; 
618;12;64;1;Undirected; 
619;78;85;1;Undirected; 
620;29;41;1;Undirected; 
621;44;116;1;Undirected; 
622;15;121;1;Undirected; 
623;18;94;1;Undirected; 
624;65;89;1;Undirected; 
625;58;63;1;Undirected; 
626;62;65;1;Undirected; 
627;45;91;1;Undirected; 
628;41;45;1;Undirected; 
629;50;116;1;Undirected; 
630;44;121;1;Undirected; 
631;27;94;1;Undirected; 
632;41;88;1;Undirected; 
633;6;65;1;Undirected; 
634;45;67;1;Undirected; 
635;6;94;1;Undirected; 
636;18;46;1;Undirected; 
637;70;116;1;Undirected; 
638;111;121;1;Undirected; 
639;33;91;1;Undirected; 
640;67;88;1;Undirected; 
641;26;65;1;Undirected; 
642;56;63;1;Undirected; 
643;57;77;1;Undirected; 
644;44;46;1;Undirected; 
645;6;46;1;Undirected; 
646;29;49;1;Undirected; 
647;54;56;1;Undirected; 
648;41;99;1;Undirected; 
649;96;99;1;Undirected; 
650;23;49;1;Undirected; 
651;60;78;1;Undirected; 
652;68;89;1;Undirected; 
653;33;54;1;Undirected; 
654;25;50;1;Undirected; 
655;49;57;1;Undirected; 
656;44;99;1;Undirected; 
657;76;105;1;Undirected; 
658;26;49;1;Undirected; 
659;68;87;1;Undirected; 
660;77;89;1;Undirected; 
661;54;55;1;Undirected; 
662;2;5;1;Undirected; 
663;12;58;1;Undirected; 
664;68;100;1;Undirected; 
665;34;106;1;Undirected; 
666;46;49;1;Undirected; 
667;45;88;1;Undirected; 
668;64;91;1;Undirected; 
669;15;41;1;Undirected; 
670;23;30;1;Undirected; 
671;57;63;1;Undirected; 
672;69;94;1;Undirected; 
673;85;107;1;Undirected; 
674;2;50;1;Undirected; 
675;65;88;1;Undirected; 
676;6;92;1;Undirected; 
677;54;62;1;Undirected; 
678;26;30;1;Undirected; 
679;43;64;1;Undirected; 
680;67;95;1;Undirected; 
681;91;111;1;Undirected; 
682;8;52;1;Undirected; 
683;74;88;1;Undirected; 
684;31;94;1;Undirected; 
685;46;63;1;Undirected; 
686;29;30;1;Undirected; 
687;49;64;1;Undirected; 
688;88;96;1;Undirected; 
689;91;92;1;Undirected; 
690;27;38;1;Undirected; 
691;26;89;1;Undirected; 
692;60;94;1;Undirected; 
693;54;64;1;Undirected; 
694;33;42;1;Undirected; 
695;8;42;1;Undirected; 
696;49;98;1;Undirected; 
697;30;94;1;Undirected; 
698;33;38;1;Undirected; 
699;29;89;1;Undirected; 
700;44;95;1;Undirected; 
701;2;57;1;Undirected; 
702;33;44;1;Undirected; 
703;16;45;1;Undirected; 
704;63;108;1;Undirected; 
705;65;94;1;Undirected; 
706;5;41;1;Undirected; 
707;2;81;1;Undirected; 
708;76;95;1;Undirected; 
709;33;58;1;Undirected; 
710;13;65;1;Undirected; 
711;6;54;1;Undirected; 
712;76;110;1;Undirected; 
713;91;94;1;Undirected; 
714;2;16;1;Undirected; 
715;63;81;1;Undirected; 
716;2;98;1;Undirected; 
717;41;75;1;Undirected; 
718;45;65;1;Undirected; 
719;23;68;1;Undirected; 
720;5;101;1;Undirected; 
721;45;98;1;Undirected; 
722;6;62;1;Undirected; 
723;69;81;1;Undirected; 
724;85;99;1;Undirected; 
725;64;69;1;Undirected; 
726;6;68;1;Undirected; 
727;44;65;1;Undirected; 
728;63;101;1;Undirected; 
729;58;99;1;Undirected; 
730;52;56;1;Undirected; 
731;72;81;1;Undirected; 
732;27;99;1;Undirected; 
733;8;70;1;Undirected; 
734;56;74;1;Undirected; 
735;60;67;1;Undirected; 
736;89;101;1;Undirected; 
737;67;99;1;Undirected; 
738;52;58;1;Undirected; 
739;65;84;1;Undirected; 
740;33;85;1;Undirected; 
741;41;71;1;Undirected; 
742;69;75;1;Undirected; 
743;3;72;1;Undirected; 
744;101;105;1;Undirected; 
745;80;85;1;Undirected; 
746;23;60;1;Undirected; 
747;52;71;1;Undirected; 
748;62;85;1;Undirected; 
749;56;77;1;Undirected; 
750;12;70;1;Undirected; 
751;41;72;1;Undirected; 
752;46;55;1;Undirected; 
753;5;87;1;Undirected; 
754;29;60;1;Undirected; 
755;23;72;1;Undirected; 
756;38;78;1;Undirected; 
757;6;78;1;Undirected; 
758;41;68;1;Undirected; 
759;62;73;1;Undirected; 
760;12;38;1;Undirected; 
761;60;89;1;Undirected; 
762;42;76;1;Undirected; 
763;45;74;1;Undirected; 
764;41;77;1;Undirected; 
765;61;76;1;Undirected; 
766;54;69;1;Undirected; 
767;65;73;1;Undirected; 
768;26;41;1;Undirected; 
769;49;78;1;Undirected; 
770;68;76;1;Undirected; 
771;3;76;1;Undirected; 
772;46;83;1;Undirected; 
773;52;76;1;Undirected; 
774;30;74;1;Undirected; 
775;54;74;1;Undirected; 
776;11;12;1;Undirected; 
777;72;74;1;Undirected; 
778;40;77;1;Undirected; 
779;9;76;1;Undirected; 
780;75;84;1;Undirected; 
781;83;121;1;Undirected; 
782;18;123;1;Undirected; 
783;60;74;1;Undirected; 
784;2;26;1;Undirected; 
785;11;76;1;Undirected; 
786;69;77;1;Undirected; 
787;8;67;1;Undirected; 
788;29;74;1;Undirected; 
789;65;122;1;Undirected; 
790;27;123;1;Undirected; 
791;15;76;1;Undirected; 
792;27;64;1;Undirected; 
793;5;121;1;Undirected; 
794;45;78;1;Undirected; 
795;7;70;1;Undirected; 
796;67;74;1;Undirected; 
797;118;123;1;Undirected; 
798;72;124;1;Undirected; 
799;18;76;1;Undirected; 
800;54;65;1;Undirected; 
801;57;121;1;Undirected; 
802;74;78;1;Undirected; 
803;62;70;1;Undirected; 
804;51;76;1;Undirected; 
805;33;124;1;Undirected; 
806;111;123;1;Undirected; 
807;86;124;1;Undirected; 
808;8;62;1;Undirected; 
809;95;121;1;Undirected; 
810;78;79;1;Undirected; 
811;11;50;1;Undirected; 
812;91;100;1;Undirected; 
813;62;124;1;Undirected; 
814;46;81;1;Undirected; 
815;60;124;1;Undirected; 
816;74;75;1;Undirected; 
817;50;122;1;Undirected; 
818;64;85;1;Undirected; 
819;13;23;1;Undirected; 
820;81;101;1;Undirected; 
821;8;123;1;Undirected; 
822;49;88;1;Undirected; 
823;25;124;1;Undirected; 
824;10;68;1;Undirected; 
825;58;114;1;Undirected; 
826;78;88;1;Undirected; 
827;6;26;1;Undirected; 
828;74;104;1;Undirected; 
829;99;116;1;Undirected; 
830;6;89;1;Undirected; 
831;89;106;1;Undirected; 
832;50;78;1;Undirected; 
833;64;118;1;Undirected; 
834;64;89;1;Undirected; 
835;48;59;1;Undirected; 
836;56;100;1;Undirected; 
837;76;108;1;Undirected; 
838;26;85;1;Undirected; 
839;28;60;1;Undirected; 
840;56;78;1;Undirected; 
841;65;116;1;Undirected; 
842;26;94;1;Undirected; 
843;49;54;1;Undirected; 
844;84;105;1;Undirected; 
845;52;118;1;Undirected; 
846;29;94;1;Undirected; 
847;8;63;1;Undirected; 
848;78;80;1;Undirected; 
849;27;119;1;Undirected; 
850;55;94;1;Undirected; 
851;60;63;1;Undirected; 
852;106;108;1;Undirected; 
853;74;120;1;Undirected; 
854;50;95;1;Undirected; 
855;11;121;1;Undirected; 
856;63;69;1;Undirected; 
857;40;121;1;Undirected; 
858;70;96;1;Undirected; 
859;33;123;1;Undirected; 
860;25;111;1;Undirected; 
861;98;121;1;Undirected; 
862;65;97;1;Undirected; 
863;75;121;1;Undirected; 
864;6;70;1;Undirected; 
865;12;98;1;Undirected; 
866;60;111;1;Undirected; 
867;44;98;1;Undirected; 
868;38;70;1;Undirected; 
869;70;98;1;Undirected; 
870;50;113;1;Undirected; 
871;33;99;1;Undirected; 
872;49;73;1;Undirected; 
873;65;99;1;Undirected; 
874;93;123;1;Undirected; 
875;12;100;1;Undirected; 
876;41;74;1;Undirected; 
877;50;100;1;Undirected; 
878;64;123;1;Undirected; 
879;68;101;1;Undirected; 
880;65;75;1;Undirected; 
881;55;123;1;Undirected; 
882;69;116;1;Undirected; 
883;82;114;1;Undirected; 
884;74;121;1;Undirected; 
885;46;119;1;Undirected; 
886;96;124;1;Undirected; 
